epoch,step,test_acc,test_loss
0,0,0.7754010558128357,0.5772648453712463
