epoch,step,test_acc,test_loss,val_acc,val_loss
0,0,0.2085561454296112,0.9012297987937927,,
0,0,,,0.2152777761220932,0.901721715927124
