epoch,step,test_acc,test_loss
0,0,0.10526315867900848,0.8491947054862976
