epoch,step,test_acc,test_loss
0,0,0.7737686038017273,0.5549222826957703
