epoch,step,test_acc,test_loss
0,0,0.8074866533279419,0.535914421081543
