epoch,step,test_acc,test_loss
0,0,0.3743315637111664,0.74675452709198
