epoch,step,test_acc,test_loss
0,0,0.4385026693344116,0.7204185128211975
